	{

		"metadata": {
			"formatVersion" : 3.1,
			"generatedBy"   : "Blender 2.7 Exporter",
			"vertices"      : 32,
			"faces"         : 12,
			"normals"       : 6,
			"colors"        : 0,
			"uvs"           : [24],
			"materials"     : 1,
			"morphTargets"  : 0,
			"bones"         : 0
		},

			"scale" : 1.000000,
			
			"vertices" : [-0.653439,3.52698e-08,0.806878,0.621693,3.52698e-08,0.806878,-0.653439,-4.03579e-08,-0.92328,0.621693,-4.03579e-08,-0.92328,-0.653439,0.10582,0.806878,0.621693,0.10582,0.806878,-0.653439,0.10582,-0.92328,0.621693,0.10582,-0.92328,-0.653439,3.52698e-08,0.806878,0.621693,3.52698e-08,0.806878,0.621693,0.10582,0.806878,0.621693,0.10582,0.806878,-0.653439,0.10582,0.806878,-0.653439,3.52698e-08,0.806878,0.621693,3.52698e-08,0.806878,0.621693,-4.03579e-08,-0.92328,0.621693,0.10582,-0.92328,0.621693,0.10582,-0.92328,0.621693,0.10582,0.806878,0.621693,3.52698e-08,0.806878,0.621693,-4.03579e-08,-0.92328,-0.653439,-4.03579e-08,-0.92328,-0.653439,0.10582,-0.92328,-0.653439,0.10582,-0.92328,0.621693,0.10582,-0.92328,0.621693,-4.03579e-08,-0.92328,-0.653439,-4.03579e-08,-0.92328,-0.653439,3.52698e-08,0.806878,-0.653439,0.10582,0.806878,-0.653439,0.10582,0.806878,-0.653439,0.10582,-0.92328,-0.653439,-4.03579e-08,-0.92328],
			"faces"    : [42,0,2,3,0,0,1,2,0,0,0,42,0,3,1,0,0,2,3,0,0,0,42,4,5,7,0,4,5,6,1,1,1,42,7,6,4,0,6,7,4,1,1,1,42,8,9,10,0,8,9,10,2,2,2,42,11,12,13,0,10,11,8,2,2,2,42,14,15,16,0,12,13,14,3,3,3,42,17,18,19,0,14,15,12,3,3,3,42,20,21,22,0,16,17,18,4,4,4,42,23,24,25,0,18,19,16,4,4,4,42,26,27,28,0,20,21,22,5,5,5,42,29,30,31,0,22,23,20,5,5,5],
			"uvs"      : [[0.496114,0.370646,0.496114,0.983531,0.030106,0.983531,0.030106,0.370646,0.51401,0.371783,0.980018,0.371783,0.980018,0.984668,0.51401,0.984668,0.023223,0.019076,0.866892,0.019076,0.866892,0.090822,0.023223,0.090822,0.015094,0.277012,0.984546,0.277012,0.984546,0.346085,0.015094,0.346085,0.023384,0.102308,0.867052,0.102308,0.867052,0.174054,0.023384,0.174054,0.017926,0.200379,0.987379,0.200379,0.987379,0.269452,0.017926,0.269452]],
			"normals"  : [0,-1,0,0,1,0,0,0,1,1,0,0,0,0,-1,-1,0,0],
			
			"skinIndices"  : [],
			"skinWeights"  : [],
			"morphTargets" : [],
			
			"bones"      : [],
			"animations" : [],
			
			"colors"    : [],
			"materials" : [
				{
					"DbgColor": 15658734,
					"DbgIndex": 0,
					"DbgName": "01 - Default",
					"blending": "NormalBlending",
					"colorAmbient": [0.6274510000266282, 0.6274510000266282, 0.6274510000266282],
					"colorDiffuse": [0.6274510000266282, 0.6274510000266282, 0.6274510000266282],
					"colorEmissive": [0.0, 0.0, 0.0],
					"colorSpecular": [0.47647058963775635, 0.47647058963775635, 0.47647058963775635],
					"depthTest": true,
					"depthWrite": true,
					"mapDiffuse": "BOOK.JPG",
					"mapDiffuseWrap": ["repeat", "repeat"],
					"shading": "Lambert",
					"specularCoef": 50,
					"transparency": 1.0,
					"transparent": false,
					"vertexColors": false
				}
			]


	}
