	{

		"metadata": {
			"formatVersion" : 3.1,
			"generatedBy"   : "Blender 2.7 Exporter",
			"vertices"      : 30,
			"faces"         : 28,
			"normals"       : 30,
			"colors"        : 0,
			"uvs"           : [56],
			"materials"     : 1,
			"morphTargets"  : 0,
			"bones"         : 0
		},

			"scale" : 1.000000,
			
			"vertices" : [2.38545,1.6755e-07,-1.72693,-2.45265,1.6755e-07,-1.72693,2.38545,-1.02803e-08,-0.235185,-2.45265,-1.02803e-08,-0.235185,2.38545,-1.8811e-07,1.25656,-2.45265,-1.8811e-07,1.25656,2.38545,2.2309,-1.72693,-2.45265,2.2309,-1.72693,2.38545,3.15345,-0.235185,-2.45265,3.15345,-0.235185,2.38545,2.2309,1.25656,-2.45265,2.2309,1.25656,-2.45265,2.14099,-1.72693,2.38545,2.14099,-1.72693,-2.45265,3.05768,-0.235185,-2.45265,2.14099,1.25656,2.38545,2.14099,1.25656,2.38545,3.05768,-0.235185,-2.70665,2.08789,-1.95689,2.62663,2.08789,-1.95689,2.62663,3.15345,-0.235185,2.62663,2.07395,1.51338,-2.70665,2.07395,1.51338,-2.70665,3.15345,-0.235185,2.62663,1.99799,-1.95689,-2.70665,1.99799,-1.95689,-2.70665,3.05768,-0.235185,-2.70665,1.98404,1.51338,2.62663,1.98404,1.51338,2.62663,3.05768,-0.235185],
			"faces"    : [43,0,2,3,1,0,0,1,2,3,0,1,2,3,43,2,4,5,3,0,1,4,5,2,1,4,5,2,43,6,7,9,8,0,6,7,8,9,6,7,8,9,43,8,9,11,10,0,9,8,10,11,9,8,10,11,43,0,1,12,13,0,12,13,14,15,0,3,12,13,43,1,3,14,12,0,16,17,18,19,3,2,14,12,43,3,5,15,14,0,17,20,21,18,2,5,15,14,43,5,4,16,15,0,22,23,24,25,5,4,16,15,43,4,2,17,16,0,26,27,28,29,4,1,17,16,43,2,0,13,17,0,27,30,31,28,1,0,13,17,43,25,18,19,24,0,32,33,34,35,18,19,20,21,43,26,23,18,25,0,18,36,37,19,22,23,19,18,43,27,22,23,26,0,21,38,36,18,24,25,23,22,43,28,21,22,27,0,39,40,41,42,26,27,25,24,43,29,20,21,28,0,28,43,44,29,28,29,27,26,43,24,19,20,29,0,31,45,43,28,21,20,29,28,43,7,6,19,18,0,46,47,34,33,7,6,20,19,43,6,8,20,19,0,48,49,43,45,6,9,29,20,43,8,10,21,20,0,49,50,44,43,9,11,27,29,43,10,11,22,21,0,51,52,41,40,11,10,25,27,43,11,9,23,22,0,53,54,36,38,10,8,23,25,43,9,7,18,23,0,54,55,37,36,8,7,19,23,43,13,12,25,24,0,15,14,32,35,13,12,18,21,43,12,14,26,25,0,19,18,18,19,12,14,22,18,43,14,15,27,26,0,18,21,21,18,14,15,24,22,43,15,16,28,27,0,25,24,39,42,15,16,26,24,43,16,17,29,28,0,29,28,28,29,16,17,28,26,43,17,13,24,29,0,28,31,31,28,17,13,21,28],
			"uvs"      : [[0.983329,0.016567,0.983329,0.135126,0.570959,0.135126,0.570959,0.016567,0.983329,0.253685,0.570959,0.253685,0.554222,0.270498,0.987534,0.270498,0.987534,0.422157,0.550261,0.428098,0.987534,0.573816,0.554222,0.573816,0.011987,0.586392,0.486829,0.586392,0.486828,0.825221,0.011987,0.825219,0.018261,0.037275,0.148323,0.038245,0.150258,0.288499,0.018261,0.214004,0.268685,0.038245,0.268685,0.214974,0.505846,0.588205,0.987817,0.588205,0.987817,0.827131,0.505846,0.827131,0.27772,0.037275,0.403819,0.037275,0.403819,0.278003,0.27772,0.206642,0.529919,0.037275,0.529919,0.206642,0.486829,0.8789,0.48793,0.947518,0.013088,0.947518,0.011988,0.8789,0.148318,0.447769,0.018261,0.383943,0.267715,0.385884,0.987817,0.883224,0.987818,0.952352,0.505846,0.952352,0.505846,0.883997,0.403819,0.440234,0.27772,0.376008,0.529919,0.376008,0.46599,0.963092,0.041293,0.963091,0.529729,0.404554,0.403058,0.466782,0.27772,0.399511,0.960238,0.968495,0.530825,0.966951,0.267715,0.404313,0.147348,0.478323,0.019231,0.409163]],
			"normals"  : [0.577349,-0.577349,-0.577349,0.707083,-0.707083,0,-0.707083,-0.707083,0,-0.577349,-0.577349,-0.577349,0.577349,-0.577349,0.577349,-0.577349,-0.577349,0.577349,0.000488,0.849971,-0.526811,-0.000458,0.849971,-0.526811,0.000458,0.999969,-0.000122,-0.000488,0.999969,-0.000122,0.001099,0.851558,0.524186,-0.00119,0.851558,0.524216,-0.457686,-0.867122,0.196387,0.457625,-0.867183,0.196356,-0.605701,-0.795648,0.000214,-0.458754,-0.867458,-0.192389,0.458815,-0.867428,-0.192419,0.605701,-0.795679,0.000214,-0.553758,-0.727348,-0.405316,-0.612262,0.384411,-0.690878,0.612262,0.384411,-0.690878,0.553789,-0.727348,-0.405286,-0.845698,-0.533586,0.000153,-0.605243,0.796014,-0.000214,-0.553758,-0.726432,0.406903,-0.612018,0.386059,0.690176,0.553758,-0.726432,0.406934,0.612018,0.38609,0.690146,0.845698,-0.533616,0.000153,0.605213,0.796045,-0.000214],
			
			"skinIndices"  : [],
			"skinWeights"  : [],
			"morphTargets" : [],
			
			"bones"      : [],
			"animations" : [],
			
			"colors"    : [],
			"materials" : [
				{
					"DbgColor": 15658734,
					"DbgIndex": 0,
					"DbgName": "07 - Default",
					"blending": "NormalBlending",
					"colorAmbient": [0.4705882619409003, 0.4705882619409003, 0.4705882619409003],
					"colorDiffuse": [0.4705882619409003, 0.4705882619409003, 0.4705882619409003],
					"colorEmissive": [0.0, 0.0, 0.0],
					"colorSpecular": [0.0, 0.0, 0.0],
					"depthTest": true,
					"depthWrite": true,
					"mapLight": "34ap.jpg",
					"mapLightWrap": ["repeat", "repeat"],
					"shading": "Lambert",
					"specularCoef": 11,
					"transparency": 1.0,
					"transparent": false,
					"vertexColors": false
				}
			]


	}
